query	yandex_broad	yandex_fixed_forms	yandex_position	google_position	target	target_status
дизайн интерьера	2576	1006	--	--	/	published
дизайн интерьера пермь	169	30	9	27	/	published
дизайнер интерьера пермь	217	44	21	25	/	published
студия дизайна интерьера пермь	41	8	17	26	/	published
дизайн студия пермь	142	3	22	22	/	published
услуги дизайнера интерьера пермь	5	2	26	30	/	published
заказать дизайн интерьера пермь	0	0	21	27	/	published
дизайн интерьера пермь цена	5	0	33	26	/	published
стоимость дизайна интерьера пермь	0	0	26	23	/	published
дизайн проект пермь	43	2	19	26	/dizajn-proekt/	published
дизайн квартиры пермь	35	4	--	24	/dizajn-kvartiry/	published
дизайн интерьера квартиры пермь	8	0	62	24	/dizajn-kvartiry/	published
дизайн квартир пермь	35	1	58	20	/dizajn-kvartiry/	published
дизайн интерьера квартир пермь	8	0	64	--	/dizajn-kvartiry/	published
дизайнер квартиры пермь	16	1	30	--	/dizajn-kvartiry/	published
дизайн проект квартиры пермь	11	2	34	18	/dizajn-kvartiry/	published
дизайн проект квартиры пермь цена	0	0	61	25	/dizajn-kvartiry/	published
дизайн квартиры пермь цена	0	0	--	25	/dizajn-kvartiry/	published
дизайн дома пермь	1	0	11	20	/	published
дизайн интерьера дома пермь	0	0	8	18	/	published
дизайн коттеджа пермь	0	0	9	--	/	published
дизайн интерьера коттеджа пермь	0	0	10	11	/	published
дизайн проект дома пермь	0	0	15	26	/	published
дизайн проект коттеджа пермь	0	0	8	27	/	published
дизайн загородного дома пермь	0	0	15	9	/	published
дизайнер дома пермь	1	0	11	15	/	published
авторский надзор пермь	1	0	49	--	/dizajn-proekt/	published
авторский надзор дизайнера пермь	0	0	17	--	/dizajn-proekt/	published
планировочное решение квартиры пермь	0	0	--	--	/dizajn-proekt/	published
3д визуализация интерьера пермь	0	0	--	--	/dizajn-proekt/	published
zinc пермь	2	0	1	1	/	published
студия zinc	0	0	1	1	/	published
zinc дизайн	2	0	1	2	/	published
цинк дизайн пермь	1	0	1	19	/	published
студия дизайна zinc	0	0	1	1	/	published
дизайнер интерьера	997	59	--	--	/	published
студия дизайна интерьера	91	18	81	--	/	published
услуги дизайнера интерьера	19	9	--	--	/	published
заказать дизайн интерьера	9	9	--	--	/	published
дизайн проект квартиры	312	96	--	--	/dizajn-kvartiry/	published
дизайн проект квартиры стоимость	66	66	--	--	/dizajn-kvartiry/	published
дизайн интерьера дома	62	11	82	--	/	published
дизайн однокомнатной квартиры	82	11	--	--	/dizajn-kvartiry/	published
заказать дизайн проект квартиры	7	3	--	--	/dizajn-kvartiry/	published
технический дизайн проект квартиры	3	2	--	--	/dizajn-kvartiry/	published
планировочное решение квартиры	10	1	--	--	/dizajn-proekt/	published
этапы дизайн проекта	23	1	--	--	/dizajn-proekt/	published
